"","site","da1"
"1",1,0
"2",2,3.83427724610519
"3",3,7.03299566330024
"4",4,7.77034703214728
"5",5,8.84595732524185
"6",6,11.4314812251081
"7",7,14.4029951746156
"8",8,16.8681059399092
"9",9,20.4808332350029
"10",10,21.5762976434791
"11",11,25.3791147993779
"12",12,27.5104246968308
"13",13,29.1174732591961
"14",14,26.1540531658097
"15",15,26.4219209369796
"16",16,24.1202838706347
"17",17,25.3660001774028
"18",18,24.9532220364425
"19",19,21.3741734343108
"20",20,20.7085714862228
"21",21,22.918698414177
"22",22,21.1115557219263
"23",23,17.6653153382554
"24",24,19.3729591699358
"25",25,20.7504204535715
"26",26,17.5074080320303
"27",27,17.4599936998843
"28",28,17.7326800286928
"29",29,16.3142680191297
"30",30,16.1593116499435
"31",31,16.6477891925625
"32",32,16.6601257198137
"33",33,18.6864499036066
"34",34,20.3797457295227
"35",35,20.7631599232872
"36",36,24.4638008698567
"37",37,26.7724674432522
"38",38,27.8786304182971
"39",39,31.5357278971011
"40",40,32.0755860273823
"41",41,29.5722699331654
"42",42,28.8051185034882
"43",43,25.4453866349089
"44",44,23.6407159367055
"45",45,22.195648852872
"46",46,18.583537607248
"47",47,16.8288187642508
"48",48,13.8229268246634
"49",49,13.1544351836177
"50",50,11.5417944445394
"51",51,12.0994526322474
"52",52,13.4417895757968
"53",53,12.1930732385236
"54",54,8.62460549822424
"55",55,10.9085121808613
"56",56,12.3172924378696
"57",57,9.32556191336477
"58",58,9.27646673038824
"59",59,13.0386724400914
"60",60,13.1182388299649
"61",61,11.6805416826447
"62",62,14.0120808590302
"63",63,16.9162815358459
"64",64,16.9237756130244
"65",65,15.8454565412297
"66",66,19.2794247320816
"67",67,21.1910652162651
"68",68,24.365818455369
"69",69,25.5494544364454
"70",70,28.8673467606567
"71",71,28.7959403736013
"72",72,25.0272256952304
"73",73,22.4049359740214
"74",74,19.2222182122668
"75",75,15.818795971881
"76",76,12.709555027616
"77",77,9.31480944517922
"78",78,6.04529982713844
"79",79,7.71068181161692
"80",80,7.60487600161897
"81",81,9.48572627688571
"82",82,12.9552653388497
