"","site","min.da.CM","min.da.ca"
"1",1,0,0
"2",2,0,0
"3",3,3,3
"4",4,4,4
"5",5,5,5
"6",6,6,6
"7",7,7,7
"8",8,8,8
"9",9,9,9
"10",10,10,10
"11",11,11,11
"12",12,12,12
"13",13,13,13
"14",14,14,14
"15",15,15,15
"16",16,16,16
"17",17,17,17
"18",18,15.8530831027534,17.524919914225
"19",19,18.3173075324284,19
"20",20,16.4948086217748,17.5621747514367
"21",21,19.7714675310224,18.5660853439814
"22",22,20.5149191644094,18.365491798479
"23",23,16.6315227377473,16.1605026530736
"24",24,14.7527249399133,14.2672746521541
"25",25,11.0946725064495,10.7716105109682
"26",26,9.51708968519989,9.04483780949111
"27",27,5.01031248272223,6.17017317423101
"28",28,4.68660805277502,6.02371355560671
"29",29,7.64148069754905,8.3956705509447
"30",30,10.6033715436973,10.3740422690483
"31",31,8.83053542625481,11.0381270603305
"32",32,14.1687308263347,14.8566039524516
"33",33,15.0828796099506,16.2679583230349
"34",34,17.9405085241833,16.9526413576174
"35",35,17.1297231248703,15.8148078711061
"36",36,10.3091236516812,12.2489159520343
"37",37,11.1907412285324,11.9031006464702
"38",38,10.1223655608798,10.1920454276853
"39",39,10.3726907849377,11.0453474820849
"40",40,12.7754884404306,12.27385069976
"41",41,11.6158447860793,12.1686821389993
"42",42,16.4450931137912,15.6928339378202
"43",43,17.2366540950735,17.4803713347286
"44",44,15.4404529524323,15.5717693920762
"45",45,17.1902801985234,16.6418842082259
"46",46,13.989823658515,14.9680626668918
"47",47,14.0155403688674,15.6619677563198
"48",48,15.4000541893932,15.4780561441029
"49",49,12.9076304991226,14.7074939741616
"50",50,15.731100737406,16.2667811505534
"51",51,14.5104000908372,14.0176312192895
"52",52,17.2196537580301,15.896446584064
"53",53,17.2835848402671,15.6731073498525
"54",54,11.9874309046716,12.2155920855274
