"","site","da1"
"1",1,0
"2",2,3.82071132120709
"3",3,6.49153980192681
"4",4,10.2693065978186
"5",5,13.5426521405521
"6",6,16.7270457941622
"7",7,19.6703769663929
"8",8,22.2034185205792
"9",9,23.2363910709043
"10",10,23.3861430338566
"11",11,25.8480441232988
"12",12,25.5471144750244
"13",13,28.1756960694851
"14",14,27.3525081299686
"15",15,26.9967872347804
"16",16,23.3446014530126
"17",17,22.2169417562364
"18",18,20.0099056719416
"19",19,21.7618163304445
"20",20,20.1278829736264
"21",21,21.1068227357885
"22",22,21.0929563124755
"23",23,18.5400528855772
"24",24,16.4632638623087
"25",25,12.7093125699229
"26",26,11.3596686571396
"27",27,8.24275912543852
"28",28,8.70758623270537
"29",29,10.0030048985292
"30",30,12.5646748465689
"31",31,13.8971563278248
"32",32,17.6759986988006
"33",33,19.4884465004269
"34",34,20.44461860735
"35",35,19.1191280920444
"36",36,15.4149146283721
"37",37,14.4373259989515
"38",38,12.5788383008925
"39",39,12.5632405851357
"40",40,13.8654859272944
"41",41,12.9269366053988
"42",42,16.6311558828603
"43",43,18.3730016328307
"44",44,16.1599232980853
"45",45,17.8853785254884
"46",46,16.506608706818
"47",47,17.8529057858938
"48",48,18.2617532838444
"49",49,17.9256640602238
"50",50,19.8277339602891
"51",51,17.7549547450845
"52",52,19.7046226302358
"53",53,19.3248122629949
"54",54,15.8327829834177
