"","family","exp-mut-R0.1","exp-mut-R0.2","exp-mut-R0.3","exp-sel-R0.1","exp-sel-R0.2","exp-sel-R0.3","mut-sel-R0.1","mut-sel-R0.2","mut-sel-R0.3"
"1","sh3",0.801247867245567,0.920152724202374,0.846606680378442,0.804801127906673,0.928009635162712,0.847458591077337,0.990434637230762,0.996658650699479,0.991158517039534
"2","snakesToxin",0.929893297832575,0.968909437604775,0.977268058404107,0.949855258995738,0.968204362761601,0.974662238613986,0.990622845494785,0.996247360358571,0.997028157601018
"3","globins",0.902182996216141,0.800974593864243,0.852282764917737,0.913525615772814,0.809327698007318,0.851751946459687,0.994081659632778,0.995936556543862,0.994027173910448
"4","az",0.875968320772331,0.85341423645831,0.833834677920525,0.884186652849114,0.851600163327757,0.840471793378967,0.989714706903108,0.993843210042675,0.991138019722512
"5","phoslip",0.900730199251223,0.879717622300441,0.878746959465883,0.918186962844609,0.882895863625482,0.884274761120605,0.991478344333447,0.993678673120522,0.990846034050815
"6","fabp",0.870258405074478,0.814089714357108,0.85024627127751,0.87603723361627,0.832019170818775,0.848931266506125,0.988515785926843,0.990649973059401,0.988976279533673
"7","rrm",0.911468656629994,0.922478545986085,0.901986832677979,0.93104029386847,0.922805912932437,0.903001639547299,0.990856940698335,0.990433038326876,0.992442869162006
"8","serinProteases",0.943670798590262,0.910595114460278,0.911097133536471,0.940226776599749,0.909840871418647,0.911409415677771,0.99642933504911,0.996640967419932,0.995499129313582
"9","mean",0.891927567701571,0.883791498654202,0.881508672322332,0.90223249030668,0.888087959756841,0.882745206547722,0.991516781908646,0.994261053696415,0.992639522541699
