"","family","exp-mut-R0.1","exp-mut-R0.2","exp-mut-R0.3","exp-sel-R0.1","exp-sel-R0.2","exp-sel-R0.3","mut-sel-R0.1","mut-sel-R0.2","mut-sel-R0.3"
"1","globins",0.902182996216141,0.800974593864243,0.852282764917737,0.913525615772814,0.809327698007318,0.851751946459687,0.994081659632778,0.995936556543862,0.994027173910448
"2","az",0.875968320772331,0.85341423645831,0.833834677920525,0.884186652849114,0.851600163327757,0.840471793378967,0.989714706903108,0.993843210042675,0.991138019722512
"3","serinProteases",0.943670798590262,0.910595114460278,0.911097133536471,0.940226776599749,0.909840871418647,0.911409415677771,0.99642933504911,0.996640967419932,0.995499129313582
"4","mean",0.907274038526245,0.854994648260944,0.865738192124911,0.912646348407226,0.856922910917908,0.867877718505475,0.993408567194999,0.995473578002157,0.993554774315514
