"","family","exp-mut-R0.1","exp-mut-R0.2","exp-mut-R0.3","exp-sel-R0.1","exp-sel-R0.2","exp-sel-R0.3","mut-sel-R0.1","mut-sel-R0.2","mut-sel-R0.3"
"1","sh3",0.994127341275473,0.708658949268184,0.658968977929597,0.994079590721529,0.727718249656969,0.679168727245652,0.999991878350998,0.994562894363307,0.992691512404074
"2","snakesToxin",0.921067807447931,0.922782179095359,0.881626928272817,0.921067807447931,0.923698664753865,0.882740933009735,1,0.996363003437847,0.99424843893537
"3","globins",0.999235968926337,0.862463008103303,0.650377502296853,0.999226014925533,0.870314137132036,0.647326228664717,0.9999919497522,0.995736896183462,0.993487242361563
"4","az",0.994218966443509,0.68433754801915,0.416306382389429,0.994218966443509,0.70142641822303,0.426788483500023,1,0.992992513422541,0.98963528200494
"5","phoslip",0.999353276387466,0.843035989487162,0.76421471416655,0.999332639161817,0.8381621592181,0.768535042272168,0.9999917002041,0.993998694620035,0.989396694729874
"6","fabp",0.99992079482843,0.868376793551998,0.553419447714982,0.99992079482843,0.877137672286384,0.54074100238131,1,0.993408836918713,0.982874204102923
"7","rrm",0.990366508250862,0.540655051524463,0.785635724431574,0.990366508250862,0.534035210054102,0.78943248150202,1,0.992988775568411,0.990352767270337
"8","serinProteases",0.999503628855165,0.813568901004554,0.851757064369834,0.999503631388034,0.81320747592271,0.855398801763212,0.999999999935969,0.996497258041164,0.993585739421434
"9","mean",0.987224286551897,0.780484802506772,0.695288342696455,0.987214494145956,0.785712498405899,0.698766462542355,0.999996941030408,0.994568609069435,0.990783985153814
