"","family","exp-mut-R0.1","exp-mut-R0.2","exp-mut-R0.3","exp-sel-R0.1","exp-sel-R0.2","exp-sel-R0.3","mut-sel-R0.1","mut-sel-R0.2","mut-sel-R0.3"
"1","globins",0.999235968926337,0.862463008103303,0.650377502296853,0.999226014925533,0.870314137132036,0.647326228664717,0.9999919497522,0.995736896183462,0.993487242361563
"2","az",0.994218966443509,0.68433754801915,0.416306382389429,0.994218966443509,0.70142641822303,0.426788483500023,1,0.992992513422541,0.98963528200494
"3","serinProteases",0.999503628855165,0.813568901004554,0.851757064369834,0.999503631388034,0.81320747592271,0.855398801763212,0.999999999935969,0.996497258041164,0.993585739421434
"4","mean",0.99765285474167,0.786789819042336,0.639480316352039,0.997649537585692,0.794982677092592,0.643171171309317,0.999997316562723,0.995075555882389,0.992236087929312
