"","family","exp-mut-R0.1","exp-mut-R0.2","exp-mut-R0.3","exp-sel-R0.1","exp-sel-R0.2","exp-sel-R0.3","mut-sel-R0.1","mut-sel-R0.2","mut-sel-R0.3"
"1","sh3",0.57368975961367,0.941658190794955,0.958277648521486,0.63530350221471,0.946573241809155,0.96025247963304,0.994148040667285,0.997970380701533,0.998622727838378
"2","snakesToxin",0.331810376393342,0.950395431210303,0.89569774171697,0.414369218834237,0.948333346705455,0.898060919744881,0.992834339239154,0.997080057428327,0.992314297841314
"3","globins",0.805496732983498,0.980725418879665,0.982869835807496,0.835469098649883,0.982165303706675,0.983405103722124,0.99691898764428,0.999564599421794,0.999574848119681
"4","az",0.803578238078336,0.94972777902328,0.946365081969215,0.818082265616402,0.953364086424961,0.945212059727922,0.997946487105863,0.999040569137971,0.999025026945397
"5","phoslip",0.79526657273169,0.962730536534294,0.961440980649504,0.828996319307219,0.964339131516381,0.966203783329933,0.994926210016348,0.999050302301799,0.998630810392734
"6","fabp",0.645317769839877,0.965373743751097,0.948776043023164,0.678992916060982,0.967087679410537,0.954014595936525,0.996276727865166,0.998466246130879,0.998026555799863
"7","rrm",0.531344741896666,0.910354644106058,0.908696472146917,0.56823258071968,0.913677668254466,0.912464827478731,0.997059098601331,0.998808929423152,0.998747694008422
"8","serinProteases",0.843943864054136,0.977472049085848,0.965165301020083,0.868635907153032,0.98185958933111,0.973625199902504,0.998002706166493,0.999250163241036,0.998544976407054
"9","mean",0.666306006948902,0.954804724173188,0.945911138106854,0.706010226069518,0.957175005894843,0.949154871184458,0.99601407466324,0.998653905973311,0.997935867169105
