"","family","exp-mut-R0.1","exp-mut-R0.2","exp-mut-R0.3","exp-sel-R0.1","exp-sel-R0.2","exp-sel-R0.3","mut-sel-R0.1","mut-sel-R0.2","mut-sel-R0.3"
"1","globins",-0.0549627501170929,0.958600940357932,0.9633850605137,-0.0489679080523868,0.951495069334335,0.963498867988067,0.976451422213243,0.998830426945804,0.9993907535942
"2","az",-0.133915779064206,0.946876838808393,0.912271287263555,0.255396353523596,0.946097635429858,0.91254346258694,-0.147939108322564,0.998744736566254,0.998374848127894
"3","serinProteases",0.0563760418683701,0.977091480091328,0.957550535828087,0.0875760156465536,0.972618536998478,0.9587168565048,0.977274013784134,0.998573872212807,0.997889950124201
"4","mean",-0.0441674957709764,0.960856419752551,0.944402294535114,0.0980014870392544,0.956737080587557,0.944919729026602,0.601928775891604,0.998716345241622,0.998551850615431
