"","family","exp-mut-R0.1","exp-mut-R0.2","exp-mut-R0.3","exp-sel-R0.1","exp-sel-R0.2","exp-sel-R0.3","mut-sel-R0.1","mut-sel-R0.2","mut-sel-R0.3"
"1","sh3",0.538684293072036,0.912549198099499,0.922818429166444,0.510381280350836,0.905397356369963,0.919023457503578,0.911266503912524,0.997788511215051,0.998269644327339
"2","snakesToxin",0.181267463466979,0.886400068209998,0.924877022126081,0.144653652166149,0.876312928733453,0.923450472347231,0.00212092033643787,0.996082884123558,0.996816864264839
"3","globins",-0.0549627501170929,0.958600940357932,0.9633850605137,-0.0489679080523868,0.951495069334335,0.963498867988067,0.976451422213243,0.998830426945804,0.9993907535942
"4","az",-0.133915779064206,0.946876838808393,0.912271287263555,0.255396353523596,0.946097635429858,0.91254346258694,-0.147939108322564,0.998744736566254,0.998374848127894
"5","phoslip",-0.00199151076146632,0.930284587279731,0.960744927403159,-0.0069731040942528,0.928304187387525,0.960945500294649,0.98303411779363,0.998099340105785,0.99808675668916
"6","fabp",0.139932460628986,0.956524957985268,0.93716629798269,-0.0130228982090173,0.952257201777614,0.938480975745635,0.825791490129553,0.997583648332302,0.99837874100462
"7","rrm",-0.144731463498185,0.901115019464792,0.946586486802782,0.182453709097376,0.901765671100656,0.948129688897786,0.385619415649152,0.998656358230471,0.998693751715446
"8","serinProteases",0.0563760418683701,0.977091480091328,0.957550535828087,0.0875760156465536,0.972618536998478,0.9587168565048,0.977274013784134,0.998573872212807,0.997889950124201
"9","mean",0.0725823444494274,0.933680386287117,0.940675005885812,0.138937137553607,0.929281073391485,0.940598660233586,0.614202346937014,0.998044972216504,0.998237663730962
