"","family","exp-mut-R0.1","exp-mut-R0.2","exp-mut-R0.3","exp-sel-R0.1","exp-sel-R0.2","exp-sel-R0.3","mut-sel-R0.1","mut-sel-R0.2","mut-sel-R0.3"
"1","globins",-0.0549627501170929,0.958600940357932,0.9633850605137,-0.0489679080523868,0.951495069334335,0.963498867988067,0.976451422213243,0.998830426945804,0.9993907535942
"2","az",-0.133915779064206,0.946876838808393,0.912271287263555,0.255396353523596,0.946097635429858,0.91254346258694,-0.147939108322564,0.998744736566254,0.998374848127894
"3","phoslip",-0.00199151076146632,0.930284587279731,0.960744927403159,-0.0069731040942528,0.928304187387525,0.960945500294649,0.98303411779363,0.998099340105785,0.99808675668916
"4","serinProteases",0.0563760418683701,0.977091480091328,0.957550535828087,0.0875760156465536,0.972618536998478,0.9587168565048,0.977274013784134,0.998573872212807,0.997889950124201
"5","mean",-0.0336234995185989,0.953213461634346,0.948487952752125,0.0717578392558776,0.949628857287549,0.948926171843614,0.697205111367111,0.998562093957663,0.998435577133864
