"","family","exp-mut-R0.1","exp-mut-R0.2","exp-mut-R0.3","exp-sel-R0.1","exp-sel-R0.2","exp-sel-R0.3","mut-sel-R0.1","mut-sel-R0.2","mut-sel-R0.3"
"1","globins",0.919839492104893,0.979876264496568,0.980841836884707,0.927349587577583,0.980764834532562,0.981570128286198,0.998787489423666,0.999590544816178,0.999643921278423
"2","az",0.897690259301018,0.958752784570459,0.937034581039129,0.897668543236283,0.957483783354841,0.93580468482897,0.999055061965546,0.998892327603527,0.999401485352589
"3","phoslip",0.923571548640323,0.95178429939548,0.957383429893758,0.930648813866725,0.952701156885693,0.96054724420468,0.998097246582388,0.999249108735883,0.997986739360833
"4","serinProteases",0.938950655564824,0.959751540582911,0.975587203179675,0.940585662158957,0.959608561319188,0.976820917211672,0.999059718766783,0.999069138812412,0.998760804442223
"5","mean",0.920012988902764,0.962541222261355,0.962711762749317,0.924063151709887,0.962639584023071,0.96368574363288,0.998749879184596,0.999200279992,0.998948237608517
