"","family","exp-mut-R0.1","exp-mut-R0.2","exp-mut-R0.3","exp-sel-R0.1","exp-sel-R0.2","exp-sel-R0.3","mut-sel-R0.1","mut-sel-R0.2","mut-sel-R0.3"
"1","globins",0.805496732983498,0.980725418879665,0.982869835807496,0.835469098649883,0.982165303706675,0.983405103722124,0.99691898764428,0.999564599421794,0.999574848119681
"2","az",0.803578238078336,0.94972777902328,0.946365081969215,0.818082265616402,0.953364086424961,0.945212059727922,0.997946487105863,0.999040569137971,0.999025026945397
"3","phoslip",0.79526657273169,0.962730536534294,0.961440980649504,0.828996319307219,0.964339131516381,0.966203783329933,0.994926210016348,0.999050302301799,0.998630810392734
"4","serinProteases",0.843943864054136,0.977472049085848,0.965165301020083,0.868635907153032,0.98185958933111,0.973625199902504,0.998002706166493,0.999250163241036,0.998544976407054
"5","mean",0.812071351961915,0.967663945880772,0.963960299861574,0.837795897681634,0.970432027744782,0.967111536670621,0.996948597733246,0.99922640852565,0.998943915466217
