"","family","exp-mut-R0.1","exp-mut-R0.2","exp-mut-R0.3","exp-sel-R0.1","exp-sel-R0.2","exp-sel-R0.3","mut-sel-R0.1","mut-sel-R0.2","mut-sel-R0.3"
"1","globins",0.150238059065226,0.946593984954096,0.956165706481057,0.159417003216845,0.946950362653194,0.957154989812749,0.982252909025206,0.998808489192313,0.999381510873737
"2","az",0.109364456052817,0.929862296288898,0.90972888722113,0.17347142722568,0.932712574789362,0.907898375529883,0.095122490982134,0.998291368535812,0.998438894412008
"3","serinProteases",0.0547563072383292,0.961636193536278,0.958157165303313,0.0586942589449823,0.964627199148305,0.962072497601528,0.983267298299615,0.998971477041173,0.998923760082209
"4","mean",0.104786274118791,0.946030824926424,0.941350586335167,0.130527563129169,0.948096712196953,0.942375287648053,0.686880899435652,0.998690444923099,0.998914721789318
