"","family","exp-mut-R0.1","exp-mut-R0.2","exp-mut-R0.3","exp-sel-R0.1","exp-sel-R0.2","exp-sel-R0.3","mut-sel-R0.1","mut-sel-R0.2","mut-sel-R0.3"
"1","sh3",0.492205400857222,0.929365671353888,0.918803156988395,0.476449937448527,0.922208811004218,0.917522122693748,0.856979317913832,0.997467023356465,0.997909773741856
"2","snakesToxin",0.190398682505094,0.881496629699728,0.905456368590603,0.104132571256541,0.87644284844184,0.909910426376238,-0.0408132865429941,0.995939831624213,0.996765757482176
"3","globins",0.150238059065226,0.946593984954096,0.956165706481057,0.159417003216845,0.946950362653194,0.957154989812749,0.982252909025206,0.998808489192313,0.999381510873737
"4","az",0.109364456052817,0.929862296288898,0.90972888722113,0.17347142722568,0.932712574789362,0.907898375529883,0.095122490982134,0.998291368535812,0.998438894412008
"5","phoslip",0.231606899256983,0.918511165775337,0.934831842005978,0.241106796898821,0.918176072105627,0.932809442555969,0.977424535438959,0.997335707858611,0.998170890237149
"6","fabp",0.0868726184365306,0.911847865422026,0.848400120844622,0.0936819428546544,0.911130396957216,0.846248663883642,0.79924848820232,0.99728441167178,0.997107008563251
"7","rrm",0.279610729550476,0.870542637810775,0.867052378503172,0.166844333095984,0.8748695260725,0.867906247442954,0.510378819074085,0.9983089930777,0.99775824428939
"8","serinProteases",0.0547563072383292,0.961636193536278,0.958157165303313,0.0586942589449823,0.964627199148305,0.962072497601528,0.983267298299615,0.998971477041173,0.998923760082209
"9","mean",0.199381644120335,0.918732055605128,0.912324453242284,0.184224783867754,0.918389723896533,0.912690345737089,0.645482571549145,0.997800912794759,0.998056979960222
