"","family","exp-mut-R0.1","exp-mut-R0.2","exp-mut-R0.3","exp-sel-R0.1","exp-sel-R0.2","exp-sel-R0.3","mut-sel-R0.1","mut-sel-R0.2","mut-sel-R0.3"
"1","globins",0.805496732983498,0.980725418879665,0.982869835807496,0.835469098649883,0.982165303706675,0.983405103722124,0.99691898764428,0.999564599421794,0.999574848119681
"2","az",0.803578238078336,0.94972777902328,0.946365081969215,0.818082265616402,0.953364086424961,0.945212059727922,0.997946487105863,0.999040569137971,0.999025026945397
"3","serinProteases",0.843943864054136,0.977472049085848,0.965165301020083,0.868635907153032,0.98185958933111,0.973625199902504,0.998002706166493,0.999250163241036,0.998544976407054
"4","mean",0.817672945038656,0.969308415662931,0.964800072932265,0.840729090473106,0.972462993154249,0.967414121117517,0.997622726972212,0.999285110600267,0.999048283824044
