"","family","exp-mut-R0.1","exp-mut-R0.2","exp-mut-R0.3","exp-sel-R0.1","exp-sel-R0.2","exp-sel-R0.3","mut-sel-R0.1","mut-sel-R0.2","mut-sel-R0.3"
"1","sh3",0.264725926942167,0.951287056080178,0.807669725759394,0.243878663781091,0.939293434643007,0.803668883169642,0.980813739933625,0.9828925817845,0.957473153408097
"2","snakesToxin",0.497321040294316,0.680173836326288,0.705084930601999,0.515694503130934,0.64829134731248,0.703499571790749,0.980331488982573,0.983742533964865,0.992753803630199
"3","globins",0.487782331430096,0.779915678346948,0.792822121864065,0.504499411014962,0.76052053523493,0.776414830750129,0.987065625639778,0.996894259725546,0.992730361830095
"4","az",0.182681951019493,0.75082206360202,0.81913791632964,0.188496981984957,0.772805796486033,0.816125373984751,0.986331371629026,0.963731810393929,0.978719526330749
"5","phoslip",0.289465885722178,0.608120707363164,0.698668513701096,0.274361342459927,0.600630665053265,0.704338859549905,0.979221017751357,0.988873440782861,0.972578610431238
"6","fabp",0.178636100653801,0.883800954666489,0.828603310496769,0.197353918016814,0.915728611760789,0.866993908632613,0.989653161453759,0.969525728245553,0.951585774286924
"7","rrm",0.773691625662944,0.540611120790769,0.849577697188714,0.75170059566583,0.46816786664047,0.957031509759481,0.985853660805151,0.994149578951967,0.950537698318842
"8","serinProteases",0.182289814542294,0.916418729577645,0.90205976466246,0.170488293550348,0.882241314098455,0.871100148834661,0.998350224878098,0.982007346392977,0.981530791113247
"9","mean",0.357074334533411,0.763893768344188,0.800452997575517,0.355809213700608,0.748459946403679,0.812396635808992,0.985952536384171,0.982727160030275,0.972238714918674
