"","family","exp-mut-R0.1","exp-mut-R0.2","exp-mut-R0.3","exp-sel-R0.1","exp-sel-R0.2","exp-sel-R0.3","mut-sel-R0.1","mut-sel-R0.2","mut-sel-R0.3"
"1","sh3",0.706503756072968,0.705839326048785,0.539091158183508,0.722366846051204,0.739430803187155,0.533598759691343,0.997719489214993,0.991327002458045,0.941430669041812
"2","snakesToxin",0.772542206220559,0.688498504890913,0.821414976692328,0.772980894960063,0.687394985793295,0.803337228945168,0.990189787157961,0.986700226914285,0.95859663996163
"3","globins",0.751060811402063,0.813814035843542,0.866554070332126,0.76369401217629,0.781586509524065,0.881266059063399,0.99534541988147,0.992592726065661,0.988727256011732
"4","az",0.519803221779041,0.574126900710762,0.459069064096927,0.511825663310925,0.570367768320658,0.562775397579762,0.961269370266014,0.983786313795059,0.949241911981793
"5","phoslip",0.794200004879281,0.505571273785274,0.645396643643053,0.811588604935177,0.498770655298194,0.686431795424841,0.982725629974463,0.925942373299937,0.963816200870906
"6","fabp",0.874636575324896,0.802523847572901,0.849283599073061,0.878573858362114,0.882697393349104,0.852670944152621,0.983939768499942,0.944823961904903,0.948316277810372
"7","rrm",0.891344039475659,0.974011563717989,0.961999009410933,0.939307368004194,0.975943960562054,0.911695057357144,0.963009171736567,0.996624507436984,0.972509459400976
"8","serinProteases",0.29883640779708,0.787056163098849,0.819313172443604,0.323430502254093,0.807390045059973,0.784578582897682,0.996939426437036,0.972057557974711,0.956063840798486
"9","mean",0.701115877868943,0.731430201958627,0.745265211734442,0.715470968756758,0.742947765136812,0.752044228138995,0.983892257896056,0.974231833731198,0.959837781984713
