"","family","exp-mut-R0.1","exp-mut-R0.2","exp-mut-R0.3","exp-sel-R0.1","exp-sel-R0.2","exp-sel-R0.3","mut-sel-R0.1","mut-sel-R0.2","mut-sel-R0.3"
"1","globins",0.49811713184523,0.765627312200693,0.746467321282341,0.514893987082812,0.753859713435753,0.727022973098663,0.98675577095843,0.997018688906282,0.991636646973865
"2","az",0.0345405735830525,0.704936490163491,0.794866146583603,0.0403127063289546,0.726926029334025,0.790340716057375,0.984996669487263,0.957250795899879,0.972977437529035
"3","serinProteases",0.0438308343227006,0.878905978279718,0.866894417871084,0.036916886592826,0.827009217656539,0.816730373220206,0.998834302164149,0.973250702350014,0.970419388433151
"4","mean",0.192162846583661,0.783156593547967,0.80274262857901,0.197374526668198,0.769264986808772,0.778031354125415,0.990195580869947,0.975840062385392,0.978344490978684
