"","family","exp-mut-R0.1","exp-mut-R0.2","exp-mut-R0.3","exp-sel-R0.1","exp-sel-R0.2","exp-sel-R0.3","mut-sel-R0.1","mut-sel-R0.2","mut-sel-R0.3"
"1","globins",0.762126380714712,0.842606765124198,0.881621463938975,0.775613566090961,0.812953237908076,0.893763313364689,0.995727114151672,0.99329174697859,0.98964994349832
"2","az",0.577160974963646,0.615680671889925,0.50595102633318,0.570114401503049,0.613261689627271,0.588873806728336,0.965314097991993,0.98683549526761,0.96066785980866
"3","phoslip",0.80338379475667,0.589592572346931,0.717238681985932,0.82981568802421,0.586647349948494,0.754084894690567,0.983206314803328,0.936611640827668,0.969409415842489
"4","serinProteases",0.387175118484217,0.853860260642902,0.880007619796842,0.424781433952205,0.867704221193038,0.860260498722878,0.996550729479577,0.981175836396968,0.968875260900716
"5","mean",0.632461567229811,0.725435067500989,0.746204698013732,0.650081272392606,0.72014162466922,0.774245628376617,0.985199564106643,0.974478679867709,0.972150620012546
