"","family","exp-mut-R0.1","exp-mut-R0.2","exp-mut-R0.3","exp-sel-R0.1","exp-sel-R0.2","exp-sel-R0.3","mut-sel-R0.1","mut-sel-R0.2","mut-sel-R0.3"
"1","globins",0.751060811402063,0.813814035843542,0.866554070332126,0.76369401217629,0.781586509524065,0.881266059063399,0.99534541988147,0.992592726065661,0.988727256011732
"2","az",0.519803221779041,0.574126900710762,0.459069064096927,0.511825663310925,0.570367768320658,0.562775397579762,0.961269370266014,0.983786313795059,0.949241911981793
"3","serinProteases",0.29883640779708,0.787056163098849,0.819313172443604,0.323430502254093,0.807390045059973,0.784578582897682,0.996939426437036,0.972057557974711,0.956063840798486
"4","mean",0.523233480326061,0.724999033217718,0.714978768957553,0.532983392580436,0.719781440968232,0.742873346513615,0.98451807219484,0.982812199278477,0.964677669597337
