"","family","exp-mut-R0.1","exp-mut-R0.2","exp-mut-R0.3","exp-sel-R0.1","exp-sel-R0.2","exp-sel-R0.3","mut-sel-R0.1","mut-sel-R0.2","mut-sel-R0.3"
"1","globins",0.487782331430096,0.779915678346948,0.792822121864065,0.504499411014962,0.76052053523493,0.776414830750129,0.987065625639778,0.996894259725546,0.992730361830095
"2","az",0.182681951019493,0.75082206360202,0.81913791632964,0.188496981984957,0.772805796486033,0.816125373984751,0.986331371629026,0.963731810393929,0.978719526330749
"3","serinProteases",0.182289814542294,0.916418729577645,0.90205976466246,0.170488293550348,0.882241314098455,0.871100148834661,0.998350224878098,0.982007346392977,0.981530791113247
"4","mean",0.284251365663961,0.815718823842204,0.838006600952055,0.287828228850089,0.805189215273139,0.821213451189847,0.990582407382301,0.980877805504151,0.984326893091364
