"","family","exp-mut-R0.1","exp-mut-R0.2","exp-mut-R0.3","exp-sel-R0.1","exp-sel-R0.2","exp-sel-R0.3","mut-sel-R0.1","mut-sel-R0.2","mut-sel-R0.3"
"1","globins",0.751060811402063,0.813814035843542,0.866554070332126,0.76369401217629,0.781586509524065,0.881266059063399,0.99534541988147,0.992592726065661,0.988727256011732
"2","az",0.519803221779041,0.574126900710762,0.459069064096927,0.511825663310925,0.570367768320658,0.562775397579762,0.961269370266014,0.983786313795059,0.949241911981793
"3","phoslip",0.794200004879281,0.505571273785274,0.645396643643053,0.811588604935177,0.498770655298194,0.686431795424841,0.982725629974463,0.925942373299937,0.963816200870906
"4","serinProteases",0.29883640779708,0.787056163098849,0.819313172443604,0.323430502254093,0.807390045059973,0.784578582897682,0.996939426437036,0.972057557974711,0.956063840798486
"5","mean",0.590975111464366,0.670142093359607,0.697583237628928,0.602634695669122,0.664528744550723,0.728762958741421,0.984069961639746,0.968594742783842,0.964462302415729
