"","family","exp-mut-R0.1","exp-mut-R0.2","exp-mut-R0.3","exp-sel-R0.1","exp-sel-R0.2","exp-sel-R0.3","mut-sel-R0.1","mut-sel-R0.2","mut-sel-R0.3"
"1","sh3",0.717311153939383,0.725771903163966,0.564716795802642,0.732764578058748,0.694474415046942,0.560611854109474,0.997788232802706,0.988252036506349,0.945622643515414
"2","snakesToxin",0.766778703671132,0.693081918350408,0.819534115682723,0.770016549399435,0.694905166400626,0.810492145441818,0.990469396470817,0.986970538854957,0.958879894052717
"3","globins",0.762126380714712,0.842606765124198,0.881621463938975,0.775613566090961,0.812953237908076,0.893763313364689,0.995727114151672,0.99329174697859,0.98964994349832
"4","az",0.577160974963646,0.615680671889925,0.50595102633318,0.570114401503049,0.613261689627271,0.588873806728336,0.965314097991993,0.98683549526761,0.96066785980866
"5","phoslip",0.80338379475667,0.589592572346931,0.717238681985932,0.82981568802421,0.586647349948494,0.754084894690567,0.983206314803328,0.936611640827668,0.969409415842489
"6","fabp",0.883328533227193,0.832960718359076,0.842108477364053,0.882440684022548,0.882291380880754,0.847099889542633,0.984536943155857,0.95752284764714,0.964374333315361
"7","rrm",0.896095012360492,0.974418058399918,0.963909238331271,0.941774688533698,0.976323050041342,0.91860643127982,0.964670777305252,0.996309781097534,0.97502593163698
"8","serinProteases",0.387175118484217,0.853860260642902,0.880007619796842,0.424781433952205,0.867704221193038,0.860260498722878,0.996550729479577,0.981175836396968,0.968875260900716
"9","mean",0.724169959014681,0.765996608534665,0.771885927404452,0.740915198698107,0.766070063880818,0.779224104235027,0.98478295077015,0.978371240447102,0.966563160321332
