"","family","exp-mut-R0.1","exp-mut-R0.2","exp-mut-R0.3","exp-sel-R0.1","exp-sel-R0.2","exp-sel-R0.3","mut-sel-R0.1","mut-sel-R0.2","mut-sel-R0.3"
"1","globins",0.49811713184523,0.765627312200693,0.746467321282341,0.514893987082812,0.753859713435753,0.727022973098663,0.98675577095843,0.997018688906282,0.991636646973865
"2","az",0.0345405735830525,0.704936490163491,0.794866146583603,0.0403127063289546,0.726926029334025,0.790340716057375,0.984996669487263,0.957250795899879,0.972977437529035
"3","phoslip",0.29718260112716,0.546191997328484,0.633344115658314,0.269047215677675,0.534510718675074,0.644164299483314,0.978960661068636,0.987589619695778,0.968313890718425
"4","serinProteases",0.0438308343227006,0.878905978279718,0.866894417871084,0.036916886592826,0.827009217656539,0.816730373220206,0.998834302164149,0.973250702350014,0.970419388433151
"5","mean",0.218417785219536,0.723915444493096,0.760393000348836,0.215292698920567,0.710576419775348,0.74456459046489,0.98738685091962,0.978777451712988,0.975836840913619
