"","family","exp-mut-R0.1","exp-mut-R0.2","exp-mut-R0.3","exp-sel-R0.1","exp-sel-R0.2","exp-sel-R0.3","mut-sel-R0.1","mut-sel-R0.2","mut-sel-R0.3"
"1","sh3",0.235642105531312,0.951126751384434,0.790959269132076,0.221468533662781,0.941874941091241,0.785257445192396,0.981535395404068,0.983103833846129,0.953816216472889
"2","snakesToxin",0.44809504217624,0.669566246635507,0.700167533485048,0.473100868045985,0.63761474591838,0.696234677846758,0.979303242365688,0.983285684284865,0.992594994253331
"3","globins",0.49811713184523,0.765627312200693,0.746467321282341,0.514893987082812,0.753859713435753,0.727022973098663,0.98675577095843,0.997018688906282,0.991636646973865
"4","az",0.0345405735830525,0.704936490163491,0.794866146583603,0.0403127063289546,0.726926029334025,0.790340716057375,0.984996669487263,0.957250795899879,0.972977437529035
"5","phoslip",0.29718260112716,0.546191997328484,0.633344115658314,0.269047215677675,0.534510718675074,0.644164299483314,0.978960661068636,0.987589619695778,0.968313890718425
"6","fabp",0.133304142009495,0.863878431499289,0.841826365534086,0.153503977359906,0.902615226258559,0.875552442175393,0.989924037724863,0.964728649385238,0.931341161445796
"7","rrm",0.76655812130076,0.522884336825061,0.836175985094909,0.748403335469848,0.45055536293613,0.954506083291279,0.9854824866888,0.994191733263171,0.945814970086148
"8","serinProteases",0.0438308343227006,0.878905978279718,0.866894417871084,0.036916886592826,0.827009217656539,0.816730373220206,0.998834302164149,0.973250702350014,0.970419388433151
"9","mean",0.307158818986994,0.737889693039585,0.776337644330183,0.307205938777599,0.721870744413213,0.786226126295673,0.985724070732737,0.98005246345392,0.96586433823908
