"","family","exp-mut-R0.1","exp-mut-R0.2","exp-mut-R0.3","exp-sel-R0.1","exp-sel-R0.2","exp-sel-R0.3","mut-sel-R0.1","mut-sel-R0.2","mut-sel-R0.3"
"1","globins",0.487782331430096,0.779915678346948,0.792822121864065,0.504499411014962,0.76052053523493,0.776414830750129,0.987065625639778,0.996894259725546,0.992730361830095
"2","az",0.182681951019493,0.75082206360202,0.81913791632964,0.188496981984957,0.772805796486033,0.816125373984751,0.986331371629026,0.963731810393929,0.978719526330749
"3","phoslip",0.289465885722178,0.608120707363164,0.698668513701096,0.274361342459927,0.600630665053265,0.704338859549905,0.979221017751357,0.988873440782861,0.972578610431238
"4","serinProteases",0.182289814542294,0.916418729577645,0.90205976466246,0.170488293550348,0.882241314098455,0.871100148834661,0.998350224878098,0.982007346392977,0.981530791113247
"5","mean",0.285554995678515,0.763819294722444,0.803172079139315,0.284461507252548,0.754049577718171,0.791994803279862,0.987742059974565,0.982876714323828,0.981389822426332
