"","family","exp-mut-R0.1","exp-mut-R0.2","exp-mut-R0.3","exp-sel-R0.1","exp-sel-R0.2","exp-sel-R0.3","mut-sel-R0.1","mut-sel-R0.2","mut-sel-R0.3"
"1","globins",-0.0263423434708213,0.701932488262941,0.626093146393882,-0.0341232437221572,0.696783615999363,0.634253115206842,0.997129942725005,0.996151783264895,0.988558021027756
"2","az",0.11952644793254,0.64204925745446,0.568841969049582,0.150832361379915,0.662438136379575,0.577068809762327,0.995748123546219,0.986350951487336,0.97616157490273
"3","serinProteases",0.0333981156343261,0.690969755322045,0.697857712923913,0.0135385238473991,0.706187729523362,0.6931520503735,0.995710699490638,0.991365088072835,0.989787908391062
"4","mean",0.0421940733653484,0.678317167013149,0.630930942789126,0.0434158805017189,0.688469827300766,0.634824658447557,0.996196255253954,0.991289274275022,0.984835834773849
