"","family","exp-mut-R0.1","exp-mut-R0.2","exp-mut-R0.3","exp-sel-R0.1","exp-sel-R0.2","exp-sel-R0.3","mut-sel-R0.1","mut-sel-R0.2","mut-sel-R0.3"
"1","globins",0.69790835399948,0.619104130342004,0.652338344727836,0.714858442009882,0.62144341471568,0.632302744200096,0.991239764244623,0.991619412269759,0.98347342818323
"2","az",0.664690926594501,0.554842861652766,0.6136686034888,0.658692684747918,0.566961778572251,0.570582599624394,0.986802718788756,0.981799272891836,0.974336983529843
"3","serinProteases",0.571425908140521,0.67889296320778,0.723406519218427,0.567639452052892,0.687042458268646,0.718023402973202,0.995430183876478,0.990950968445594,0.985997325865024
"4","mean",0.644675062911501,0.61761331840085,0.663137822478354,0.647063526270231,0.625149217185526,0.640302915599231,0.991157555636619,0.988123217869063,0.981269245859365
