"","family","exp-mut-R0.1","exp-mut-R0.2","exp-mut-R0.3","exp-sel-R0.1","exp-sel-R0.2","exp-sel-R0.3","mut-sel-R0.1","mut-sel-R0.2","mut-sel-R0.3"
"1","sh3",-0.0736710213061523,0.726114033872325,0.776906014902951,-0.0776878992381473,0.729516033909695,0.79069476089577,0.992088474734094,0.990422898966253,0.987301192090283
"2","snakesToxin",0.139200496284164,0.829428536324194,0.804994194619284,0.15346596634372,0.840118360662321,0.826347872889604,0.997875355394199,0.992671090564549,0.99165129560159
"3","globins",-0.0263423434708213,0.701932488262941,0.626093146393882,-0.0341232437221572,0.696783615999363,0.634253115206842,0.997129942725005,0.996151783264895,0.988558021027756
"4","az",0.11952644793254,0.64204925745446,0.568841969049582,0.150832361379915,0.662438136379575,0.577068809762327,0.995748123546219,0.986350951487336,0.97616157490273
"5","phoslip",0.125629820544115,0.724962512627224,0.741120713195764,0.127079548946012,0.722387692062092,0.756266147131936,0.996181072381256,0.986510514419308,0.980783017307009
"6","fabp",-0.0800095416384802,0.818694881951721,0.803233868790388,-0.068837644789537,0.803349624002147,0.83578912159061,0.994871638987799,0.982611356345542,0.969936463984376
"7","rrm",0.162085085407981,0.787982930241272,0.801815968451783,0.150007479799953,0.765345621936907,0.79672394279449,0.997476622122703,0.996727318485547,0.994014680815547
"8","serinProteases",0.0333981156343261,0.690969755322045,0.697857712923913,0.0135385238473991,0.706187729523362,0.6931520503735,0.995710699490638,0.991365088072835,0.989787908391062
"9","mean",0.0499771324234591,0.740266799507023,0.727607948540943,0.0517843865708947,0.740765851809433,0.738786977580635,0.995885241172739,0.990351375200783,0.984774269265044
