"","family","exp-mut-R0.1","exp-mut-R0.2","exp-mut-R0.3","exp-sel-R0.1","exp-sel-R0.2","exp-sel-R0.3","mut-sel-R0.1","mut-sel-R0.2","mut-sel-R0.3"
"1","sh3",0.614609685265889,0.786755389316884,0.800552749003985,0.583828001449156,0.759132905414557,0.816303725650639,0.993845426542177,0.9896695364858,0.989554004331244
"2","snakesToxin",0.799798471589752,0.800348301487241,0.775053387191641,0.810613422177317,0.810711600883101,0.776289095494029,0.995470533741527,0.99554950432817,0.99314396889163
"3","globins",0.69790835399948,0.619104130342004,0.652338344727836,0.714858442009882,0.62144341471568,0.632302744200096,0.991239764244623,0.991619412269759,0.98347342818323
"4","az",0.664690926594501,0.554842861652766,0.6136686034888,0.658692684747918,0.566961778572251,0.570582599624394,0.986802718788756,0.981799272891836,0.974336983529843
"5","phoslip",0.64696762499297,0.724392917507775,0.747302401849767,0.662518380813227,0.739174747456551,0.758779949395816,0.990834992747865,0.987833494296473,0.984904893039083
"6","fabp",0.73313812423178,0.785455492168475,0.73922228765311,0.737379278896509,0.796399841120861,0.744488376321404,0.99275703822109,0.966226580160873,0.947136586993846
"7","rrm",0.693673176386951,0.799216827585304,0.784545218101869,0.706929062028721,0.787596717934396,0.776662868802718,0.995386386974464,0.995075261755495,0.994862374906807
"8","serinProteases",0.571425908140521,0.67889296320778,0.723406519218427,0.567639452052892,0.687042458268646,0.718023402973202,0.995430183876478,0.990950968445594,0.985997325865024
"9","mean",0.67777653390023,0.718626110408529,0.729511188904429,0.680307340521953,0.721057933045755,0.724179095307787,0.992720880642123,0.98734050382925,0.981676195717588
