"","family","exp-mut-R0.1","exp-mut-R0.2","exp-mut-R0.3","exp-sel-R0.1","exp-sel-R0.2","exp-sel-R0.3","mut-sel-R0.1","mut-sel-R0.2","mut-sel-R0.3"
"1","globins",-0.0263423434708213,0.701932488262941,0.626093146393882,-0.0341232437221572,0.696783615999363,0.634253115206842,0.997129942725005,0.996151783264895,0.988558021027756
"2","az",0.11952644793254,0.64204925745446,0.568841969049582,0.150832361379915,0.662438136379575,0.577068809762327,0.995748123546219,0.986350951487336,0.97616157490273
"3","phoslip",0.125629820544115,0.724962512627224,0.741120713195764,0.127079548946012,0.722387692062092,0.756266147131936,0.996181072381256,0.986510514419308,0.980783017307009
"4","serinProteases",0.0333981156343261,0.690969755322045,0.697857712923913,0.0135385238473991,0.706187729523362,0.6931520503735,0.995710699490638,0.991365088072835,0.989787908391062
"5","mean",0.0630530101600401,0.689978503416668,0.658478385390785,0.0643317976127921,0.696949293491098,0.665185030618652,0.99619245953578,0.990094584311094,0.983822630407139
