"","p.ref","chain.p.ref","MSD...3."
"1","1g94a","D",34.3624586569056
"2","1g94a","D",34.364690675859
"3","1g94a","D",31.4194502022356
"4","1g94a","D",22.518249605643
"5","1g94a","D",39.4479310302476
"6","1g94a","D",30.8339278319879
"7","1g94a","D",31.8670238089236
"8","1g94a","D",41.8558144260544
"9","1g94a","D",307.457882049544
"10","1g94a","D",31.0766892690007
"11","1g94a","D",28.5120581404519
"12","1g94a","D",33.6136717877063
"13","1g94a","D",85.7468244931645
"14","1g94a","D",193.833358392462
"15","1g94a","D",227.151192289915
"16","1g94a","D",300.670121432791
"17","1g94a","D",233.383517809919
"18","1g94a","D",31.5268224287773
"19","1g94a","D",65.4165979312041
"20","1g94a","D",38.9419709788454
