"","p.ref","chain.p.ref","MSD...3."
"1","1ciu","J",10.3773477930121
"2","1ciu","J",10.9233466064902
"3","1ciu","J",6.84161945957074
"4","1ciu","J",7.06431806203429
"5","1ciu","J",12.4217261632935
"6","1ciu","J",7.75517493795759
"7","1ciu","J",14.1160778824368
"8","1ciu","J",8.94087652039958
"9","1ciu","J",4.17559760857436
"10","1ciu","J",2.69615121812686
"11","1ciu","J",2.99352371733915
"12","1ciu","J",4.36946949590676
"13","1ciu","J",3.98246901307987
"14","1ciu","J",2.9140974854515
"15","1ciu","J",2.89850420543426
"16","1ciu","J",3.71065365760739
"17","1ciu","J",3.68921449358856
"18","1ciu","J",3.71350780913008
"19","1ciu","J",4.21599837635377
"20","1ciu","J",12.7395541958608
"21","1ciu","J",24.8050905830909
