"","p.ref","chain.p.ref","MSD...3."
"1","7taa","L",49.3764682186159
"2","7taa","L",26.8572177570976
"3","7taa","L",36.0247839761796
"4","7taa","L",36.3464042265061
"5","7taa","L",35.340305299831
"6","7taa","L",20.787231011535
"7","7taa","L",25.9788594877423
"8","7taa","L",19.9286461365894
"9","7taa","L",21.0080220531274
"10","7taa","L",60.1053073645967
"11","7taa","L",11.9595564678354
"12","7taa","L",10.8507223506298
"13","7taa","L",11.7078947400131
"14","7taa","L",11.9931997743335
"15","7taa","L",11.6801738157125
"16","7taa","L",11.1415053542626
"17","7taa","L",13.262771276645
"18","7taa","L",46.7216251221131
"19","7taa","L",39.5460490941123
"20","7taa","L",55.8473742896186
"21","7taa","L",22.7707998988032
"22","7taa","L",41.2212589130273
"23","7taa","L",66.8553682057202
