"","p.ref","chain.p.ref","MSD...3."
"1","1qhqa","2",2220.52520490698
"2","1qhqa","2",2213.45997448437
"3","1qhqa","2",2212.81450851563
"4","1qhqa","2",2220.35581668992
"5","1qhqa","2",2219.73013411628
"6","1qhqa","2",2315.63038583333
"7","1qhqa","2",2462.53922235165
"8","1qhqa","2",2397.05082257143
"9","1qhqa","2",2369.06921321905
"10","1qhqa","2",2373.47421946667
"11","1qhqa","2",2424.10822127835
"12","1qhqa","2",2379.56129181443
"13","1qhqa","2",2356.26006167677
"14","1qhqa","2",2355.19326539394
"15","1qhqa","2",2355.97227934343
"16","1qhqa","2",2406.76203391667
"17","1qhqa","2",2427.5841151371
"18","1qhqa","2",2421.09734421138
"19","1qhqa","2",2413.81554864151
"20","1qhqa","2",2423.45685116191
"21","1qhqa","2",2680.20483487013
"22","1qhqa","2",2216.19622659375
"23","1qhqa","2",2223.69090913953
"24","1qhqa","2",2352.53902653535
"25","1qhqa","2",2384.67709232653
"26","1qhqa","2",2384.15731381633
"27","1qhqa","2",2382.49710065306
"28","1qhqa","2",2425.27830257723
"29","1qhqa","2",2181.03774671943
