"","p.ref","chain.p.ref","MSD...3."
"1","1cqda","H",0.728335515178856
"2","1cqda","H",1.23287812258894
"3","1cqda","H",1.39601021239901
"4","1cqda","H",0.727012634791156
"5","1cqda","H",0.931227661762962
"6","1cqda","H",0.58806952836662
"7","1cqda","H",0.840158616879525
"8","1cqda","H",0.583594517497362
"9","1cqda","H",0.77809166999495
"10","1cqda","H",2.11505730669609
"11","1cqda","H",3.41119169005466
"12","1cqda","H",3.37615492719404
"13","1cqda","H",4.183228230075
