"","p.ref","chain.p.ref","MSD...3."
"1","1dura","J",2.35666456577621
"2","1dura","J",2.54260060419249
"3","1dura","J",3.44608533733534
"4","1dura","J",0.973878351852671
"5","1dura","J",8.78209782203194
"6","1dura","J",13.3093384880577
"7","1dura","J",4.1703234324717
"8","1dura","J",7.39175232079783
"9","1dura","J",2.79191721808644
"10","1dura","J",0.946534151834752
"11","1dura","J",13.2045409984909
"12","1dura","J",41.5375792113784
"13","1dura","J",28.3979102462702
"14","1dura","J",5.98912634118483
