"","p.ref","chain.p.ref","MSD...3."
"1","1reilv","J",4.40882438852449
"2","1reilv","J",8.88257630753368
"3","1reilv","J",6.38922974392874
"4","1reilv","J",10.2221224999672
"5","1reilv","J",6.41483008404315
"6","1reilv","J",3.08471425359816
"7","1reilv","J",0.590442446779974
"8","1reilv","J",0.626363651393185
"9","1reilv","J",0.964088780581757
"10","1reilv","J",0.260235368941936
"11","1reilv","J",2.73664645397372
"12","1reilv","J",1.25320673486104
"13","1reilv","J",0.801548876940655
"14","1reilv","J",0.358964027410351
"15","1reilv","J",1.18734419347576
"16","1reilv","J",1.29295632563133
"17","1reilv","J",0.647667091756604
"18","1reilv","J",0.598416095882625
"19","1reilv","J",2.43804041572106
"20","1reilv","J",1.18588718211859
"21","1reilv","J",2.87645710505171
"22","1reilv","J",1.81684385025892
"23","1reilv","J",3.32660842146351
"24","1reilv","J",1.65638694559523
"25","1reilv","J",1.09182664773878
"26","1reilv","J",0.989128897739017
