"","p.ref","chain.p.ref","MSD...3."
"1","1fdlhv","S",2.17000323913761
"2","1fdlhv","S",1.8180548116154
"3","1fdlhv","S",0.993252181029978
"4","1fdlhv","S",2.5679073752513
"5","1fdlhv","S",6.33934557332867
"6","1fdlhv","S",2.54427612899789
"7","1fdlhv","S",2.32052524650116
"8","1fdlhv","S",1.76171284730362
"9","1fdlhv","S",1.78663203390217
"10","1fdlhv","S",2.61730246434939
"11","1fdlhv","S",2.23202448538919
"12","1fdlhv","S",2.32073674544157
"13","1fdlhv","S",16.2236364155812
"14","1fdlhv","S",1.04654412523494
"15","1fdlhv","S",1.09594541510815
"16","1fdlhv","S",1.3819180307728
"17","1fdlhv","S",1.3188898008597
"18","1fdlhv","S",1.112532654515
"19","1fdlhv","S",0.619957257634481
"20","1fdlhv","S",1.76150567217351
"21","1fdlhv","S",0.644805965712688
