"","p.ref","chain.p.ref","MSD...3."
"1","1tmy","E",7.03315492469432
"2","1tmy","E",5.23246647154621
"3","1tmy","E",2.50337669516785
"4","1tmy","E",2.89152272581549
"5","1tmy","E",1.84297183373155
"6","1tmy","E",3.10016316804189
"7","1tmy","E",3.04361191195333
"8","1tmy","E",12.5708641942558
"9","1tmy","E",3.66415411124896
"10","1tmy","E",3.24672179687113
"11","1tmy","E",3.79262226295907
"12","1tmy","E",5.63213698836651
"13","1tmy","E",6.33921187203672
