"strong.sel","medium.sel","weak.sel","no.sel"
0.0804465432270445,0.034646440345926,0.0111536625351926,0
