"","site","da1"
"1",1,0
"2",2,4.82927924112871
"3",3,7.09148651483155
"4",4,7.74574800164073
"5",5,8.93978982486411
"6",6,11.528710128646
"7",7,14.9129366975843
"8",8,16.2482926093012
"9",9,19.9446419356536
"10",10,20.9669127443423
"11",11,24.896511879322
"12",12,27.9899004952207
"13",13,28.7872861545274
"14",14,24.0701840260127
"15",15,26.0646883961202
"16",16,22.8756881594535
"17",17,26.1962468744951
"18",18,25.9194854437495
"19",19,19.1341249093606
"20",20,20.5515108082628
"21",21,22.8425131442159
"22",22,20.3095133385765
"23",23,16.3123240321499
"24",24,19.4174839665598
"25",25,20.0627674051376
"26",26,16.533519345598
"27",27,16.7205512332704
"28",28,17.4860224561783
"29",29,16.3762559238252
"30",30,15.0488371995948
"31",31,15.1995090710194
"32",32,17.5064657368199
"33",33,18.5323203692366
"34",34,21.2614738468974
"35",35,20.4063000882543
"36",36,25.2237135346687
"37",37,27.8165405875079
"38",38,28.4710341449862
"39",39,31.8956586049724
"40",40,31.411604560291
"41",41,29.3313139592205
"42",42,29.6503872474568
"43",43,25.238738375872
"44",44,23.2297163106795
"45",45,21.3948837936455
"46",46,18.3275375016103
"47",47,15.8200136528661
"48",48,13.4534832817133
"49",49,12.4104945781953
"50",50,11.1020503967635
"51",51,11.8436254439644
"52",52,13.5971654756269
"53",53,12.0076732629981
"54",54,8.46496042031792
"55",55,11.6721318814315
"56",56,12.8332150508855
"57",57,8.88416492703444
"58",58,9.83427025999943
"59",59,14.5099899535507
"60",60,12.8276422522164
"61",61,11.0198117081996
"62",62,13.7591352426873
"63",63,16.981846631548
"64",64,16.8909625349092
"65",65,15.8688275792012
"66",66,19.962696443157
"67",67,21.3534965275389
"68",68,25.7791847574794
"69",69,24.6785082267204
"70",70,28.5466754434485
"71",71,28.812932679006
"72",72,25.0023458244174
"73",73,22.2816179929488
"74",74,18.8871936688785
"75",75,14.8016425841211
"76",76,12.5656532388871
"77",77,9.48645858155676
"78",78,4.70161064699317
"79",79,6.83632643746529
"80",80,9.72041706237279
"81",81,9.30981693114623
"82",82,13.4810574715724
