"","site","da1","da2"
"1",1,0,3.87521215899753
"2",2,3.87521215899753,0
"3",3,7.16880886316209,5.4953214250483
"4",4,10.6309554888413,7.74555534042816
"5",5,14.2325695817458,11.9534826295014
"6",6,17.5331910349684,14.7054028135764
"7",7,19.7413979787456,16.9106921187609
"8",8,22.9293281274083,19.7481935775311
"9",9,24.2451721589971,20.9940493780079
"10",10,23.3466141648393,19.6441158639998
"11",11,28.2626494734827,24.6747247156029
"12",12,26.3459107828701,22.6845008736001
"13",13,28.4023043598993,24.5891709492984
"14",14,26.8162453594261,22.9897177528711
"15",15,27.4642672325286,23.9087006120447
"16",16,23.0182126337327,19.4380064144152
"17",17,23.1006742618555,19.3628321506347
"18",18,19.3706134752019,15.8530831027534
"19",19,21.7125770224092,18.3173075324284
"20",20,19.9002663592006,16.4948086217748
"21",21,22.6287436726808,19.7714675310224
"22",22,23.1318735936526,20.5149191644094
"23",23,18.862360124854,16.6315227377473
"24",24,17.41155315381,14.7527249399133
"25",25,12.8333385794856,11.0946725064495
"26",26,12.6009974413762,9.51708968519989
"27",27,7.56949704254117,5.01031248272223
"28",28,8.49798159341166,4.68660805277502
"29",29,10.5593559090007,7.64148069754905
"30",30,13.6695785983687,10.6033715436973
"31",31,11.9466260233539,8.83053542625481
"32",32,17.4919432114965,14.1687308263347
"33",33,18.4275909816949,15.0828796099506
"34",34,21.5173266547414,17.9405085241833
"35",35,20.9612558232039,17.1297231248703
"36",36,14.0352153308536,10.3091236516812
"37",37,14.5864009275096,11.1907412285324
"38",38,13.6068437623601,10.1223655608798
"39",39,12.7909381381911,10.3726907849377
"40",40,15.3318185082134,12.7754884404306
"41",41,13.2826012227427,11.6158447860793
"42",42,18.4352593686018,16.4450931137912
"43",43,19.5260559599726,17.2366540950735
"44",44,17.6168671412593,15.4404529524323
"45",45,19.9220507576557,17.1902801985234
"46",46,16.8319435504932,13.989823658515
"47",47,17.5436477949073,14.0155403688674
"48",48,19.0935658911016,15.4000541893932
"49",49,16.7612241602044,12.9076304991226
"50",50,19.5334818756822,15.731100737406
"51",51,17.9961949832411,14.5104000908372
"52",52,20.6833442056645,17.2196537580301
"53",53,20.8150105398271,17.2835848402671
"54",54,15.280603542809,11.9874309046716
