"","site","da1","da2"
"1",1,0,3.82071132120709
"2",2,3.82071132120709,0
"3",3,6.49153980192681,3.73271295440729
"4",4,10.2693065978186,7.05998222377366
"5",5,13.5426521405521,10.6868768122403
"6",6,16.7270457941622,13.6377410886114
"7",7,19.6703769663929,16.4267827951793
"8",8,22.2034185205792,18.9553093617593
"9",9,23.2363910709043,20.2205150527874
"10",10,23.3861430338566,20.2692260582391
"11",11,25.8480441232988,22.9277988040719
"12",12,25.5471144750244,22.6915492860228
"13",13,28.1756960694851,25.1756570917226
"14",14,27.3525081299686,24.5140151342044
"15",15,26.9967872347804,24.5540561618646
"16",16,23.3446014530126,21.0425275573064
"17",17,22.2169417562364,19.5640323553198
"18",18,20.0099056719416,17.524919914225
"19",19,21.7618163304445,19.1702309062776
"20",20,20.1278829736264,17.5621747514367
"21",21,21.1068227357885,18.5660853439814
"22",22,21.0929563124755,18.365491798479
"23",23,18.5400528855772,16.1605026530736
"24",24,16.4632638623087,14.2672746521541
"25",25,12.7093125699229,10.7716105109682
"26",26,11.3596686571396,9.04483780949111
"27",27,8.24275912543852,6.17017317423101
"28",28,8.70758623270537,6.02371355560671
"29",29,10.0030048985292,8.3956705509447
"30",30,12.5646748465689,10.3740422690483
"31",31,13.8971563278248,11.0381270603305
"32",32,17.6759986988006,14.8566039524516
"33",33,19.4884465004269,16.2679583230349
"34",34,20.44461860735,16.9526413576174
"35",35,19.1191280920444,15.8148078711061
"36",36,15.4149146283721,12.2489159520343
"37",37,14.4373259989515,11.9031006464702
"38",38,12.5788383008925,10.1920454276853
"39",39,12.5632405851357,11.0453474820849
"40",40,13.8654859272944,12.27385069976
"41",41,12.9269366053988,12.1686821389993
"42",42,16.6311558828603,15.6928339378202
"43",43,18.3730016328307,17.4803713347286
"44",44,16.1599232980853,15.5717693920762
"45",45,17.8853785254884,16.6418842082259
"46",46,16.506608706818,14.9680626668918
"47",47,17.8529057858938,15.6619677563198
"48",48,18.2617532838444,15.4780561441029
"49",49,17.9256640602238,14.7074939741616
"50",50,19.8277339602891,16.2667811505534
"51",51,17.7549547450845,14.0176312192895
"52",52,19.7046226302358,15.896446584064
"53",53,19.3248122629949,15.6731073498525
"54",54,15.8327829834177,12.2155920855274
