"","site","da1"
"1",1,0
"2",2,3.87521215899753
"3",3,7.16880886316209
"4",4,10.6309554888413
"5",5,14.2325695817458
"6",6,17.5331910349684
"7",7,19.7413979787456
"8",8,22.9293281274083
"9",9,24.2451721589971
"10",10,23.3466141648393
"11",11,28.2626494734827
"12",12,26.3459107828701
"13",13,28.4023043598993
"14",14,26.8162453594261
"15",15,27.4642672325286
"16",16,23.0182126337327
"17",17,23.1006742618555
"18",18,19.3706134752019
"19",19,21.7125770224092
"20",20,19.9002663592006
"21",21,22.6287436726808
"22",22,23.1318735936526
"23",23,18.862360124854
"24",24,17.41155315381
"25",25,12.8333385794856
"26",26,12.6009974413762
"27",27,7.56949704254117
"28",28,8.49798159341166
"29",29,10.5593559090007
"30",30,13.6695785983687
"31",31,11.9466260233539
"32",32,17.4919432114965
"33",33,18.4275909816949
"34",34,21.5173266547414
"35",35,20.9612558232039
"36",36,14.0352153308536
"37",37,14.5864009275096
"38",38,13.6068437623601
"39",39,12.7909381381911
"40",40,15.3318185082134
"41",41,13.2826012227427
"42",42,18.4352593686018
"43",43,19.5260559599726
"44",44,17.6168671412593
"45",45,19.9220507576557
"46",46,16.8319435504932
"47",47,17.5436477949073
"48",48,19.0935658911016
"49",49,16.7612241602044
"50",50,19.5334818756822
"51",51,17.9961949832411
"52",52,20.6833442056645
"53",53,20.8150105398271
"54",54,15.280603542809
