"","site","da1","da2"
"1",1,0,3.87251378306133
"2",2,3.87251378306133,0
"3",3,6.53578870527498,3.84791592943505
"4",4,10.3157018665721,7.27461902782544
"5",5,12.3605543969516,9.74341654657133
"6",6,15.8991268313703,12.9514774832835
"7",7,18.5257798216431,15.9421683907805
"8",8,21.5229284717484,18.7663976564497
"9",9,23.5608397558321,20.4115526357012
"10",10,21.4669516000759,18.1819083706854
"11",11,20.1226965638306,16.5305829903243
"12",12,16.804840433637,13.1383678210043
"13",13,14.2381608714047,10.6880377057718
"14",14,10.4533985382745,6.9151571204131
"15",15,8.589777761968,5.99982908089889
"16",16,5.52192022760199,4.34094782276866
"17",17,5.12292357936364,6.25417052853534
"18",18,5.69766759297171,8.61868545661112
"19",19,6.5351340460621,9.46320442556326
"20",20,6.52360713102805,9.63642179442141
"21",21,8.16196410185685,10.0122799101903
"22",22,8.5858386311414,8.91730643187729
"23",23,12.2028987539846,11.8096962281
"24",24,15.2218249234446,14.037843032318
"25",25,18.2755787596453,17.2586980969017
"26",26,21.5146415494193,20.1107795472975
"27",27,25.1735717966283,23.7538967329573
"28",28,28.3367409029338,26.5948457788347
"29",29,31.5843631881347,29.8094993751992
"30",30,33.3637214501021,31.2236486336879
"31",31,33.4817240595522,31.0570916378208
"32",32,29.6892712776855,27.2422013427696
"33",33,26.5222841210933,24.3385827853637
"34",34,24.0544731183204,21.9502003179925
"35",35,20.4809019820905,18.4249122928713
"36",36,17.7046694688153,15.8441350032118
"37",37,13.9503543682589,12.3243727629442
"38",38,11.159803044857,10.1828009408021
"39",39,8.40517382330669,8.69010034464505
"40",40,9.8766489256225,11.3267279035033
"41",41,13.083073033504,14.326831436155
"42",42,16.2072874041278,17.3529592289039
"43",43,19.7382274026823,20.6827447404836
"44",44,21.6550231817008,21.9981003270737
"45",45,25.4248056433083,25.6345689450788
"46",46,27.7145055521472,27.6895563164165
"47",47,28.2276697408766,27.6879982663969
"48",48,24.7405971835766,24.0804186425403
"49",49,22.9147640398063,22.2953486628938
"50",50,19.3014071507753,18.8985812430457
"51",51,17.0564702972215,16.8241457435437
"52",52,13.6423906995805,13.9496231848749
"53",53,11.7402993999301,12.1990263955776
"54",54,9.61848917450137,10.963096506006
"55",55,7.96451354446711,8.57074950048127
"56",56,5.87161102253887,5.13678216396218
"57",57,8.40582613429519,5.93108236327907
"58",58,10.5610994219352,9.10853061695463
"59",59,11.3825658794491,9.69554067600152
"60",60,13.8771587149531,11.2806507347759
