"","site","da1","da2"
"1",1,0,5.00328550773408
"2",2,5.00328550773408,0
"3",3,5.13311414220568,4.42439135174905
"4",4,10.0458024146236,7.83345952764829
"5",5,12.064416251186,10.1747490756542
"6",6,14.6688436686957,12.8686730003929
"7",7,18.7974101073358,17.7251601337805
"8",8,20.4843223098982,19.4494365443674
"9",9,23.2023246177592,21.3772558137457
"10",10,19.8954095271675,17.689072601441
"11",11,20.7862915667741,17.2038915959837
"12",12,16.316126819767,12.9068481906512
"13",13,13.9937398912126,10.9525850004577
"14",14,10.7316289494954,6.8770949849666
"15",15,9.38645672110743,7.21248749603567
"16",16,7.20643762853141,5.50562189823264
"17",17,5.9652872328589,7.30594496746234
"18",18,8.48271978544252,11.0195568419832
"19",19,6.78267551730094,11.0448490106859
"20",20,5.82059332353109,10.7469538400314
"21",21,6.10542292123043,10.7866024811896
"22",22,5.56546633908158,8.80405999609971
"23",23,11.0518792939984,13.1842867585932
"24",24,14.1561930648872,15.4425393732931
"25",25,16.3148714529252,17.8755622978715
"26",26,19.2709509690656,20.9617910709872
"27",27,22.3361107132898,23.2604933053933
"28",28,28.2949017421559,29.0825519301091
"29",29,29.2651392795157,29.9041951255779
"30",30,32.5812652244427,32.4204271230614
"31",31,32.2019920642193,31.5428211741862
"32",32,27.7230268718567,27.4699436203186
"33",33,23.7905584119725,23.8067577555665
"34",34,22.6449443408374,22.8132884522904
"35",35,18.6039913036924,18.6606450704003
"36",36,15.577434704494,16.2047197896984
"37",37,13.1210330696458,12.9374326871573
"38",38,9.328159886032,10.799505166777
"39",39,7.66539287163286,10.1056267958759
"40",40,8.37189632912233,12.1035743728663
"41",41,11.7614252049452,15.9274461757412
"42",42,14.0120411946888,17.5494733338212
"43",43,18.733552436523,22.4987777763804
"44",44,19.5439360552461,22.6021742286489
"45",45,22.656108165171,25.5710367054093
"46",46,26.0641058397595,28.8513963039446
"47",47,25.3869536820871,27.5961832034605
"48",48,22.1188394866469,24.2693444021044
"49",49,19.9109179531493,22.0654036284762
"50",50,16.5217120567357,19.3172018951318
"51",51,14.0353577339663,16.8580911795236
"52",52,11.3530320622276,15.0828207051996
"53",53,8.34132266866072,11.4732329807695
"54",54,7.79920909491767,12.1313690759951
"55",55,6.30728589897155,8.76661448210559
"56",56,4.4289951919739,4.8397842568837
"57",57,7.89928984938154,5.65157166826153
"58",58,8.04785281968503,9.33731387089492
"59",59,8.50541075094036,8.98255093543935
"60",60,13.2355505348688,11.6146061952313
