"","site","min.da.CM","min.da.ca"
"1",1,0,0
"2",2,0,0
"3",3,3,3
"4",4,4,4
"5",5,5,5
"6",6,6,6
"7",7,7,7
"8",8,8,8
"9",9,9,9
"10",10,10,10
"11",11,11,11
"12",12,12,12
"13",13,10.9525850004577,10.6880377057718
"14",14,6.8770949849666,6.9151571204131
"15",15,7.21248749603567,5.99982908089889
"16",16,5.50562189823264,4.34094782276866
"17",17,5.9652872328589,5.12292357936364
"18",18,8.48271978544252,5.69766759297171
"19",19,6.78267551730094,6.5351340460621
"20",20,5.82059332353109,6.52360713102805
"21",21,6.10542292123043,8.16196410185685
"22",22,5.56546633908158,8.5858386311414
"23",23,11.0518792939984,11.8096962281
"24",24,14.1561930648872,14.037843032318
"25",25,16.3148714529252,17.2586980969017
"26",26,19.2709509690656,20.1107795472975
"27",27,22.3361107132898,23.7538967329573
"28",28,28,26.5948457788347
"29",29,29,29
"30",30,30,30
"31",31,31,31
"32",32,27.4699436203186,27.2422013427696
"33",33,23.7905584119725,24.3385827853637
"34",34,22.6449443408374,21.9502003179925
"35",35,18.6039913036924,18.4249122928713
"36",36,15.577434704494,15.8441350032118
"37",37,12.9374326871573,12.3243727629442
"38",38,9.328159886032,10.1828009408021
"39",39,7.66539287163286,8.40517382330669
"40",40,8.37189632912233,9.8766489256225
"41",41,11.7614252049452,13.083073033504
"42",42,14.0120411946888,16.2072874041278
"43",43,18.733552436523,19.7382274026823
"44",44,19.5439360552461,21.6550231817008
"45",45,22.656108165171,25.4248056433083
"46",46,26.0641058397595,27.6895563164165
"47",47,25.3869536820871,27.6879982663969
"48",48,22.1188394866469,24.0804186425403
"49",49,19.9109179531493,22.2953486628938
"50",50,16.5217120567357,18.8985812430457
"51",51,14.0353577339663,16.8241457435437
"52",52,11.3530320622276,13.6423906995805
"53",53,8.34132266866072,11.7402993999301
"54",54,7.79920909491767,9.61848917450137
"55",55,6.30728589897155,7.96451354446711
"56",56,4.4289951919739,5.13678216396218
"57",57,5.65157166826153,5.93108236327907
"58",58,8.04785281968503,9.10853061695463
"59",59,8.50541075094036,9.69554067600152
"60",60,11.6146061952313,11.2806507347759
